{
  "per_trait": {
    "cEXT": {
      "n_high": 1,
      "n_low": 1,
      "n_neutral": 5,
      "n_humans": 248,
      "mean_high": 0.5980818867683411,
      "mean_low": 0.4386046528816223,
      "mean_neutral": 0.6064363718032837,
      "mean_humans": 0.5957067018795398,
      "w1_high_low": {
        "w1": 0.15947723388671875,
        "ci_lo": NaN,
        "ci_hi": NaN,
        "n_a": 1,
        "n_b": 1
      },
      "w1_neutral_high": {
        "w1": 0.037160491943359374,
        "ci_lo": NaN,
        "ci_hi": NaN,
        "n_a": 5,
        "n_b": 1
      },
      "w1_neutral_low": {
        "w1": 0.16783168315887453,
        "ci_lo": NaN,
        "ci_hi": NaN,
        "n_a": 5,
        "n_b": 1
      },
      "w1_humans_neutral": {
        "w1": 0.06926644499744139,
        "ci_lo": 0.05683995379255184,
        "ci_hi": 0.10327315824947529,
        "n_a": 248,
        "n_b": 5
      }
    },
    "cNEU": {
      "n_high": 1,
      "n_low": 1,
      "n_neutral": 5,
      "n_humans": 248,
      "mean_high": 0.7638542056083679,
      "mean_low": 0.4646275043487549,
      "mean_neutral": 0.5063729882240295,
      "mean_humans": 0.49351856436940933,
      "w1_high_low": {
        "w1": 0.29922670125961304,
        "ci_lo": NaN,
        "ci_hi": NaN,
        "n_a": 1,
        "n_b": 1
      },
      "w1_neutral_high": {
        "w1": 0.25748122930526735,
        "ci_lo": NaN,
        "ci_hi": NaN,
        "n_a": 5,
        "n_b": 1
      },
      "w1_neutral_low": {
        "w1": 0.043977558612823486,
        "ci_lo": NaN,
        "ci_hi": NaN,
        "n_a": 5,
        "n_b": 1
      },
      "w1_humans_neutral": {
        "w1": 0.061553376792900044,
        "ci_lo": 0.05174231640814293,
        "ci_hi": 0.08396698507510367,
        "n_a": 248,
        "n_b": 5
      }
    },
    "cAGR": {
      "n_high": 1,
      "n_low": 1,
      "n_neutral": 5,
      "n_humans": 248,
      "mean_high": 0.6961845755577087,
      "mean_low": 0.4972800314426422,
      "mean_neutral": 0.6765949130058289,
      "mean_humans": 0.6111072364353365,
      "w1_high_low": {
        "w1": 0.19890454411506653,
        "ci_lo": NaN,
        "ci_hi": NaN,
        "n_a": 1,
        "n_b": 1
      },
      "w1_neutral_high": {
        "w1": 0.04455527067184448,
        "ci_lo": NaN,
        "ci_hi": NaN,
        "n_a": 5,
        "n_b": 1
      },
      "w1_neutral_low": {
        "w1": 0.17931486964225768,
        "ci_lo": NaN,
        "ci_hi": NaN,
        "n_a": 5,
        "n_b": 1
      },
      "w1_humans_neutral": {
        "w1": 0.08112566269213155,
        "ci_lo": 0.05892802155726861,
        "ci_hi": 0.124626915063709,
        "n_a": 248,
        "n_b": 5
      }
    },
    "cCON": {
      "n_high": 1,
      "n_low": 1,
      "n_neutral": 5,
      "n_humans": 248,
      "mean_high": 0.7515245079994202,
      "mean_low": 0.6660205125808716,
      "mean_neutral": 0.7493797540664673,
      "mean_humans": 0.596792642267481,
      "w1_high_low": {
        "w1": 0.08550399541854858,
        "ci_lo": NaN,
        "ci_hi": NaN,
        "n_a": 1,
        "n_b": 1
      },
      "w1_neutral_high": {
        "w1": 0.02557631731033325,
        "ci_lo": NaN,
        "ci_hi": NaN,
        "n_a": 5,
        "n_b": 1
      },
      "w1_neutral_low": {
        "w1": 0.0833592176437378,
        "ci_lo": NaN,
        "ci_hi": NaN,
        "n_a": 5,
        "n_b": 1
      },
      "w1_humans_neutral": {
        "w1": 0.15294476581677313,
        "ci_lo": 0.1249845475433094,
        "ci_hi": 0.17931913929781124,
        "n_a": 248,
        "n_b": 5
      }
    },
    "cOPN": {
      "n_high": 1,
      "n_low": 1,
      "n_neutral": 5,
      "n_humans": 248,
      "mean_high": 0.891474723815918,
      "mean_low": 0.31893569231033325,
      "mean_neutral": 0.7395106554031372,
      "mean_humans": 0.5467648266424094,
      "w1_high_low": {
        "w1": 0.5725390315055847,
        "ci_lo": NaN,
        "ci_hi": NaN,
        "n_a": 1,
        "n_b": 1
      },
      "w1_neutral_high": {
        "w1": 0.15196402072906495,
        "ci_lo": NaN,
        "ci_hi": NaN,
        "n_a": 5,
        "n_b": 1
      },
      "w1_neutral_low": {
        "w1": 0.4205750107765197,
        "ci_lo": NaN,
        "ci_hi": NaN,
        "n_a": 5,
        "n_b": 1
      },
      "w1_humans_neutral": {
        "w1": 0.20040776944689212,
        "ci_lo": 0.1321189085931908,
        "ci_hi": 0.2756052868338602,
        "n_a": 248,
        "n_b": 5
      }
    }
  },
  "contamination": {
    "cEXT": {
      "cEXT": 0.15947723388671875,
      "cNEU": -0.19559338688850403,
      "cAGR": 0.1584835648536682,
      "cCON": 0.035174548625946045,
      "cOPN": -0.08207422494888306
    },
    "cNEU": {
      "cEXT": -0.12022989988327026,
      "cNEU": 0.29922670125961304,
      "cAGR": -0.16566866636276245,
      "cCON": -0.10545003414154053,
      "cOPN": -0.09698891639709473
    },
    "cAGR": {
      "cEXT": 0.0032268762588500977,
      "cNEU": -0.15964046120643616,
      "cAGR": 0.19890454411506653,
      "cCON": 0.13687574863433838,
      "cOPN": 0.08633428812026978
    },
    "cCON": {
      "cEXT": 0.10790586471557617,
      "cNEU": 0.13518831133842468,
      "cAGR": -0.009093046188354492,
      "cCON": 0.08550399541854858,
      "cOPN": -0.15514373779296875
    },
    "cOPN": {
      "cEXT": -0.14939138293266296,
      "cNEU": 0.0106123685836792,
      "cAGR": -0.16290682554244995,
      "cCON": -0.1304454207420349,
      "cOPN": 0.5725390315055847
    }
  },
  "n_total": 15
}