{
  "cEXT": {
    "accuracy": 0.4798387096774194,
    "f1": 0.6485013623978202,
    "roc_auc": 0.5
  },
  "cNEU": {
    "accuracy": 0.5,
    "f1": 0.0,
    "roc_auc": 0.5
  },
  "cAGR": {
    "accuracy": 0.5282258064516129,
    "f1": 0.6912928759894459,
    "roc_auc": 0.5
  },
  "cCON": {
    "accuracy": 0.5040322580645161,
    "f1": 0.6702412868632708,
    "roc_auc": 0.5
  },
  "cOPN": {
    "accuracy": 0.5161290322580645,
    "f1": 0.6808510638297872,
    "roc_auc": 0.5
  },
  "macro": {
    "accuracy": 0.5056451612903226,
    "f1": 0.5381773178160648,
    "roc_auc": 0.5
  }
}