{
  "openness": {
    "spearman": 0.0,
    "pearson": 0.0,
    "mae": 0.5694477378041896,
    "r2": -0.01541529164181532
  },
  "conscientiousness": {
    "spearman": 0.0,
    "pearson": 0.0,
    "mae": 0.53693227326425,
    "r2": -0.0004908852986797996
  },
  "extraversion": {
    "spearman": 0.0,
    "pearson": 0.0,
    "mae": 0.5747639934505665,
    "r2": -0.002059225641493967
  },
  "agreeableness": {
    "spearman": 0.0,
    "pearson": 0.0,
    "mae": 0.6411174792225048,
    "r2": -0.0013336208912113623
  },
  "neuroticism": {
    "spearman": 0.0,
    "pearson": 0.0,
    "mae": 0.3922406793005366,
    "r2": -0.0021336183713986934
  },
  "macro": {
    "spearman": 0.0,
    "pearson": 0.0,
    "mae": 0.5429004326084095,
    "r2": -0.004286528368919828
  }
}