{
  "dataset": "essays",
  "per_trait": {
    "cEXT": {
      "n_high": 127,
      "n_low": 127,
      "n_neutral": 252,
      "n_humans": 248,
      "mean_high": 0.8653414845466614,
      "mean_low": 0.6929671168327332,
      "mean_neutral": 0.7257501482963562,
      "mean_humans": 0.6191751374262234,
      "w1_high_low": {
        "w1": 0.1723744503156407,
        "ci_lo": 0.14778700587083035,
        "ci_hi": 0.19730104523615574,
        "n_a": 127,
        "n_b": 127
      },
      "w1_neutral_high": {
        "w1": 0.13959828548998465,
        "ci_lo": 0.11582729393271074,
        "ci_hi": 0.1620882257855958,
        "n_a": 252,
        "n_b": 127
      },
      "w1_neutral_low": {
        "w1": 0.04759327021744411,
        "ci_lo": 0.031513357229475875,
        "ci_hi": 0.07103232577000335,
        "n_a": 252,
        "n_b": 127
      },
      "w1_humans_neutral": {
        "w1": 0.10659572623857988,
        "ci_lo": 0.07751067940435907,
        "ci_hi": 0.13930039057356466,
        "n_a": 248,
        "n_b": 252
      }
    },
    "cNEU": {
      "n_high": 127,
      "n_low": 127,
      "n_neutral": 252,
      "n_humans": 248,
      "mean_high": 0.749897837638855,
      "mean_low": 0.31808173656463623,
      "mean_neutral": 0.48153477907180786,
      "mean_humans": 0.3698375148308133,
      "w1_high_low": {
        "w1": 0.4318160127819054,
        "ci_lo": 0.3960054709334073,
        "ci_hi": 0.46459912049224755,
        "n_a": 127,
        "n_b": 127
      },
      "w1_neutral_high": {
        "w1": 0.26836295485419226,
        "ci_lo": 0.23647050268935507,
        "ci_hi": 0.3013628007433428,
        "n_a": 252,
        "n_b": 127
      },
      "w1_neutral_low": {
        "w1": 0.16355623013818693,
        "ci_lo": 0.13154693305082787,
        "ci_hi": 0.19791126442481138,
        "n_a": 252,
        "n_b": 127
      },
      "w1_humans_neutral": {
        "w1": 0.11169727432293103,
        "ci_lo": 0.079902220226305,
        "ci_hi": 0.1433292718015991,
        "n_a": 248,
        "n_b": 252
      }
    },
    "cAGR": {
      "n_high": 127,
      "n_low": 127,
      "n_neutral": 252,
      "n_humans": 248,
      "mean_high": 0.8807109594345093,
      "mean_low": 0.498403936624527,
      "mean_neutral": 0.6983824372291565,
      "mean_humans": 0.5902218499911889,
      "w1_high_low": {
        "w1": 0.3823069737652155,
        "ci_lo": 0.3536902720328626,
        "ci_hi": 0.40902339791747055,
        "n_a": 127,
        "n_b": 127
      },
      "w1_neutral_high": {
        "w1": 0.18232847741061098,
        "ci_lo": 0.15755105813335005,
        "ci_hi": 0.20667534050239636,
        "n_a": 252,
        "n_b": 127
      },
      "w1_neutral_low": {
        "w1": 0.19997849635460452,
        "ci_lo": 0.1709198803780001,
        "ci_hi": 0.2297368162864168,
        "n_a": 252,
        "n_b": 127
      },
      "w1_humans_neutral": {
        "w1": 0.10816055412427607,
        "ci_lo": 0.07826656674263076,
        "ci_hi": 0.13982512595251687,
        "n_a": 248,
        "n_b": 252
      }
    },
    "cCON": {
      "n_high": 127,
      "n_low": 127,
      "n_neutral": 252,
      "n_humans": 248,
      "mean_high": 0.6668353080749512,
      "mean_low": 0.5902336239814758,
      "mean_neutral": 0.5636555552482605,
      "mean_humans": 0.539061141080193,
      "w1_high_low": {
        "w1": 0.0766017676338436,
        "ci_lo": 0.04437409939728384,
        "ci_hi": 0.11266690059675005,
        "n_a": 127,
        "n_b": 127
      },
      "w1_neutral_high": {
        "w1": 0.10318177960204968,
        "ci_lo": 0.07151028766573721,
        "ci_hi": 0.13278549957653552,
        "n_a": 252,
        "n_b": 127
      },
      "w1_neutral_low": {
        "w1": 0.026961173685289684,
        "ci_lo": 0.014475666169962272,
        "ci_hi": 0.057703787673214886,
        "n_a": 252,
        "n_b": 127
      },
      "w1_humans_neutral": {
        "w1": 0.04757091445114924,
        "ci_lo": 0.03197618153633401,
        "ci_hi": 0.06864999141000476,
        "n_a": 248,
        "n_b": 252
      }
    },
    "cOPN": {
      "n_high": 127,
      "n_low": 127,
      "n_neutral": 252,
      "n_humans": 248,
      "mean_high": 0.8077386021614075,
      "mean_low": 0.5949920415878296,
      "mean_neutral": 0.6679773926734924,
      "mean_humans": 0.5100860112767306,
      "w1_high_low": {
        "w1": 0.2127465774107167,
        "ci_lo": 0.16547078446697766,
        "ci_hi": 0.25899860805824515,
        "n_a": 127,
        "n_b": 127
      },
      "w1_neutral_high": {
        "w1": 0.13976116960924345,
        "ci_lo": 0.09677084889213444,
        "ci_hi": 0.1802343926416125,
        "n_a": 252,
        "n_b": 127
      },
      "w1_neutral_low": {
        "w1": 0.07383749305754025,
        "ci_lo": 0.036258172218062414,
        "ci_hi": 0.12224589988590799,
        "n_a": 252,
        "n_b": 127
      },
      "w1_humans_neutral": {
        "w1": 0.1579304267757244,
        "ci_lo": 0.11675221932654595,
        "ci_hi": 0.20433770684361807,
        "n_a": 248,
        "n_b": 252
      }
    }
  },
  "contamination": {
    "cEXT": {
      "cEXT": 0.17237436771392822,
      "cNEU": -0.3265538215637207,
      "cAGR": 0.20313328504562378,
      "cCON": 0.12031018733978271,
      "cOPN": -0.08973777294158936
    },
    "cNEU": {
      "cEXT": -0.14273744821548462,
      "cNEU": 0.43181610107421875,
      "cAGR": -0.15135687589645386,
      "cCON": -0.10882174968719482,
      "cOPN": -0.32220616936683655
    },
    "cAGR": {
      "cEXT": 0.056076645851135254,
      "cNEU": -0.4308730661869049,
      "cAGR": 0.3823070228099823,
      "cCON": 0.22447842359542847,
      "cOPN": -0.09805917739868164
    },
    "cCON": {
      "cEXT": 0.18187320232391357,
      "cNEU": -0.002389371395111084,
      "cAGR": 0.17102265357971191,
      "cCON": 0.07660168409347534,
      "cOPN": -0.015574246644973755
    },
    "cOPN": {
      "cEXT": -0.08025538921356201,
      "cNEU": -0.059557974338531494,
      "cAGR": 0.1557721495628357,
      "cCON": -0.26457375288009644,
      "cOPN": 0.21274656057357788
    }
  },
  "n_total": 1522
}