{
  "dataset": "recruitview",
  "per_essay": {
    "per_trait": {
      "openness": {
        "spearman": -0.2309965405205583,
        "pearson": -0.24964481729280907,
        "mae": 0.7629044110876474,
        "mean_intended_z": -0.008585453321605685,
        "mean_pred_z": -0.5433318018913269
      },
      "conscientiousness": {
        "spearman": -0.19794572279100048,
        "pearson": -0.22343743115072381,
        "mae": 0.7312839241863096,
        "mean_intended_z": -0.004543631873647521,
        "mean_pred_z": -0.6239691376686096
      },
      "extraversion": {
        "spearman": -0.2439077240852821,
        "pearson": -0.26382913031127403,
        "mae": 1.0381476918079906,
        "mean_intended_z": -0.006488792158295749,
        "mean_pred_z": -0.9526769518852234
      },
      "agreeableness": {
        "spearman": -0.09234983950553634,
        "pearson": -0.10056916057667814,
        "mae": 0.7184020059280929,
        "mean_intended_z": -0.00631927564039281,
        "mean_pred_z": -0.6013475656509399
      },
      "neuroticism": {
        "spearman": -0.0176620363514212,
        "pearson": -0.016268194885112747,
        "mae": 0.45833138887671704,
        "mean_intended_z": -0.02593736435311621,
        "mean_pred_z": 0.4249076843261719
      }
    },
    "macro": {
      "spearman": -0.15657237265075968,
      "pearson": -0.17074974684331956,
      "mae": 0.7418138843773514
    },
    "n": 1395
  },
  "per_user": {
    "per_trait": {
      "openness": {
        "spearman": -0.5728259339844909,
        "pearson": -0.5758920437921217,
        "mae": 0.7604157221840907
      },
      "conscientiousness": {
        "spearman": -0.46332353593330616,
        "pearson": -0.5290687775455486,
        "mae": 0.7292653323214838
      },
      "extraversion": {
        "spearman": -0.5422379988599513,
        "pearson": -0.5445340384175323,
        "mae": 1.0456457815831546
      },
      "agreeableness": {
        "spearman": -0.3107129152546835,
        "pearson": -0.3011921625945901,
        "mae": 0.7101759294119264
      },
      "neuroticism": {
        "spearman": -0.06997024330828804,
        "pearson": -0.06962447392409113,
        "mae": 0.4656128095613756
      }
    },
    "macro": {
      "spearman": -0.391814125468144,
      "pearson": -0.40406229925477677,
      "mae": 0.7422231150124062
    },
    "n_users": 228
  },
  "per_essay_profile_rho": {
    "mean": -0.044874551971326164,
    "median": -0.09999999999999999,
    "n_valid": 1395
  }
}