{
  "cEXT": {
    "accuracy": 0.5725806451612904,
    "f1": 0.5923076923076923,
    "roc_auc": 0.6171584913034982
  },
  "cNEU": {
    "accuracy": 0.5725806451612904,
    "f1": 0.5546218487394958,
    "roc_auc": 0.63579604578564
  },
  "cAGR": {
    "accuracy": 0.6088709677419355,
    "f1": 0.694006309148265,
    "roc_auc": 0.6236054022313564
  },
  "cCON": {
    "accuracy": 0.532258064516129,
    "f1": 0.5703703703703704,
    "roc_auc": 0.5587642276422764
  },
  "cOPN": {
    "accuracy": 0.6532258064516129,
    "f1": 0.6416666666666667,
    "roc_auc": 0.7326822916666665
  },
  "macro": {
    "accuracy": 0.5879032258064516,
    "f1": 0.610594577446498,
    "roc_auc": 0.6336012917258875
  }
}