{
  "cEXT": {
    "accuracy": 0.5483870967741935,
    "f1": 0.6164383561643836,
    "roc_auc": 0.6002214839424143
  },
  "cNEU": {
    "accuracy": 0.5967741935483871,
    "f1": 0.45652173913043476,
    "roc_auc": 0.634885535900104
  },
  "cAGR": {
    "accuracy": 0.5564516129032258,
    "f1": 0.6357615894039735,
    "roc_auc": 0.5854374633000587
  },
  "cCON": {
    "accuracy": 0.5201612903225806,
    "f1": 0.5509433962264151,
    "roc_auc": 0.5668943089430895
  },
  "cOPN": {
    "accuracy": 0.6169354838709677,
    "f1": 0.6184738955823293,
    "roc_auc": 0.7143229166666667
  },
  "macro": {
    "accuracy": 0.567741935483871,
    "f1": 0.5756277953015073,
    "roc_auc": 0.6203523417504666
  }
}