{
  "cEXT": {
    "accuracy": 0.5161290322580645,
    "f1": 0.6571428571428571,
    "roc_auc": 0.6379388964888281
  },
  "cNEU": {
    "accuracy": 0.5241935483870968,
    "f1": 0.6609195402298851,
    "roc_auc": 0.6393730489073882
  },
  "cAGR": {
    "accuracy": 0.5282258064516129,
    "f1": 0.6912928759894459,
    "roc_auc": 0.5913746982449272
  },
  "cCON": {
    "accuracy": 0.5040322580645161,
    "f1": 0.6535211267605634,
    "roc_auc": 0.5721626016260163
  },
  "cOPN": {
    "accuracy": 0.6209677419354839,
    "f1": 0.6845637583892618,
    "roc_auc": 0.7111979166666667
  },
  "macro": {
    "accuracy": 0.5387096774193548,
    "f1": 0.6694880317024027,
    "roc_auc": 0.6304094323867652
  }
}