{
  "cEXT": {
    "accuracy": 0.5806451612903226,
    "f1": 0.6285714285714286,
    "roc_auc": 0.5989186372223307
  },
  "cNEU": {
    "accuracy": 0.6169354838709677,
    "f1": 0.4864864864864865,
    "roc_auc": 0.6582986472424558
  },
  "cAGR": {
    "accuracy": 0.5483870967741935,
    "f1": 0.6387096774193548,
    "roc_auc": 0.6151236380244014
  },
  "cCON": {
    "accuracy": 0.5403225806451613,
    "f1": 0.5128205128205128,
    "roc_auc": 0.5636422764227642
  },
  "cOPN": {
    "accuracy": 0.6733870967741935,
    "f1": 0.7075812274368231,
    "roc_auc": 0.7164713541666667
  },
  "macro": {
    "accuracy": 0.5919354838709677,
    "f1": 0.594833866546921,
    "roc_auc": 0.6304909106157238
  }
}