{
  "cEXT": 0.36000000000000004,
  "cNEU": 0.34,
  "cAGR": 0.2,
  "cCON": 0.38000000000000006,
  "cOPN": 0.36000000000000004
}