{
  "openness": {
    "spearman": 0.3704022612766713,
    "pearson": 0.3541824095269858,
    "mae": 0.5538325566996868,
    "r2": 0.03463283964520025
  },
  "conscientiousness": {
    "spearman": 0.2557511365611651,
    "pearson": 0.22428221992348168,
    "mae": 0.5314828269347265,
    "r2": 0.016269183746131066
  },
  "extraversion": {
    "spearman": 0.27465571044560577,
    "pearson": 0.2457946895691015,
    "mae": 0.5699409470512333,
    "r2": 0.021370312952291526
  },
  "agreeableness": {
    "spearman": 0.2862976589036241,
    "pearson": 0.28694349954445403,
    "mae": 0.6324815472697853,
    "r2": 0.019161533501324768
  },
  "neuroticism": {
    "spearman": 0.048808749592693795,
    "pearson": 0.015879392309574532,
    "mae": 0.3925985690284686,
    "r2": -0.00678145092145277
  },
  "macro": {
    "spearman": 0.24718310335595203,
    "pearson": 0.2254164421747195,
    "mae": 0.5360672893967802,
    "r2": 0.01693048378469897
  }
}