{
  "cEXT": 0.5499999999999999,
  "cNEU": 0.5,
  "cAGR": 0.575,
  "cCON": 0.5249999999999999,
  "cOPN": 0.475
}