{
  "cEXT": {
    "accuracy": 0.5806451612903226,
    "f1": 0.6231884057971014,
    "roc_auc": 0.6281024037521985
  },
  "cNEU": {
    "accuracy": 0.6169354838709677,
    "f1": 0.5991561181434599,
    "roc_auc": 0.624219562955255
  },
  "cAGR": {
    "accuracy": 0.5725806451612904,
    "f1": 0.6466666666666666,
    "roc_auc": 0.5954198473282442
  },
  "cCON": {
    "accuracy": 0.5362903225806451,
    "f1": 0.5692883895131086,
    "roc_auc": 0.5661138211382114
  },
  "cOPN": {
    "accuracy": 0.6733870967741935,
    "f1": 0.6896551724137931,
    "roc_auc": 0.7494791666666667
  },
  "macro": {
    "accuracy": 0.5959677419354839,
    "f1": 0.6255909505068259,
    "roc_auc": 0.6326669603681151
  }
}