{
  "dataset": "recruitview",
  "per_trait": {
    "openness": {
      "n_high": 325,
      "n_low": 325,
      "n_neutral": 450,
      "n_humans": 290,
      "mean_high": -0.5854423642158508,
      "mean_low": -0.524795651435852,
      "mean_neutral": -0.5298894047737122,
      "mean_humans": 0.06893139781655165,
      "w1_high_low": {
        "w1": 0.06101894167466806,
        "ci_lo": 0.030907173034591742,
        "ci_hi": 0.1011750075198495,
        "n_a": 325,
        "n_b": 325
      },
      "w1_neutral_high": {
        "w1": 0.06439899916346703,
        "ci_lo": 0.038526446088523666,
        "ci_hi": 0.09721895906296915,
        "n_a": 450,
        "n_b": 325
      },
      "w1_neutral_low": {
        "w1": 0.01976400503737486,
        "ci_lo": 0.0184958993226835,
        "ci_hi": 0.04943287772772054,
        "n_a": 450,
        "n_b": 325
      },
      "w1_humans_neutral": {
        "w1": 0.6004264511299315,
        "ci_lo": 0.5304524270337454,
        "ci_hi": 0.6628925800055624,
        "n_a": 290,
        "n_b": 450
      }
    },
    "conscientiousness": {
      "n_high": 325,
      "n_low": 325,
      "n_neutral": 450,
      "n_humans": 290,
      "mean_high": -0.6439576148986816,
      "mean_low": -0.5037299394607544,
      "mean_neutral": -0.6328601241111755,
      "mean_humans": -0.2933185147539038,
      "w1_high_low": {
        "w1": 0.14022764126268716,
        "ci_lo": 0.1075632434428598,
        "ci_hi": 0.17517408849800434,
        "n_a": 325,
        "n_b": 325
      },
      "w1_neutral_high": {
        "w1": 0.02216724321564548,
        "ci_lo": 0.017248095934908104,
        "ci_hi": 0.049060387208834925,
        "n_a": 450,
        "n_b": 325
      },
      "w1_neutral_low": {
        "w1": 0.1292403776026689,
        "ci_lo": 0.09926702919898507,
        "ci_hi": 0.1605206299083801,
        "n_a": 450,
        "n_b": 325
      },
      "w1_humans_neutral": {
        "w1": 0.33954154184673313,
        "ci_lo": 0.28780861363687704,
        "ci_hi": 0.3886425169938373,
        "n_a": 290,
        "n_b": 450
      }
    },
    "extraversion": {
      "n_high": 325,
      "n_low": 325,
      "n_neutral": 450,
      "n_humans": 290,
      "mean_high": -0.967346727848053,
      "mean_low": -0.8904606699943542,
      "mean_neutral": -0.9629663228988647,
      "mean_humans": -0.19762807268617225,
      "w1_high_low": {
        "w1": 0.07688612204331619,
        "ci_lo": 0.04789132240643868,
        "ci_hi": 0.10972464232261364,
        "n_a": 325,
        "n_b": 325
      },
      "w1_neutral_high": {
        "w1": 0.032291406449089705,
        "ci_lo": 0.02212201551290659,
        "ci_hi": 0.054075959275675635,
        "n_a": 450,
        "n_b": 325
      },
      "w1_neutral_low": {
        "w1": 0.07652519648401147,
        "ci_lo": 0.053536157877399376,
        "ci_hi": 0.1055944486176356,
        "n_a": 450,
        "n_b": 325
      },
      "w1_humans_neutral": {
        "w1": 0.7653382059065732,
        "ci_lo": 0.7094690530204661,
        "ci_hi": 0.816176244499252,
        "n_a": 290,
        "n_b": 450
      }
    },
    "agreeableness": {
      "n_high": 325,
      "n_low": 325,
      "n_neutral": 450,
      "n_humans": 290,
      "mean_high": -0.5714244842529297,
      "mean_low": -0.5152527093887329,
      "mean_neutral": -0.5431370139122009,
      "mean_humans": -0.07068384192113218,
      "w1_high_low": {
        "w1": 0.05988543763756752,
        "ci_lo": 0.042526658611515396,
        "ci_hi": 0.09113764211062628,
        "n_a": 325,
        "n_b": 325
      },
      "w1_neutral_high": {
        "w1": 0.04132946744433835,
        "ci_lo": 0.026182466504179967,
        "ci_hi": 0.07563598872707662,
        "n_a": 450,
        "n_b": 325
      },
      "w1_neutral_low": {
        "w1": 0.06808898646479998,
        "ci_lo": 0.05124175221457855,
        "ci_hi": 0.09056159246525067,
        "n_a": 450,
        "n_b": 325
      },
      "w1_humans_neutral": {
        "w1": 0.4730013436504365,
        "ci_lo": 0.40780537500683134,
        "ci_hi": 0.5379542488867659,
        "n_a": 290,
        "n_b": 450
      }
    },
    "neuroticism": {
      "n_high": 325,
      "n_low": 325,
      "n_neutral": 450,
      "n_humans": 290,
      "mean_high": 0.42683613300323486,
      "mean_low": 0.37768295407295227,
      "mean_neutral": 0.349579781293869,
      "mean_humans": 0.14741349756508937,
      "w1_high_low": {
        "w1": 0.04915317143385226,
        "ci_lo": 0.03376913662369435,
        "ci_hi": 0.06831465890201238,
        "n_a": 325,
        "n_b": 325
      },
      "w1_neutral_high": {
        "w1": 0.0772563481129881,
        "ci_lo": 0.059317952007060255,
        "ci_hi": 0.09365859332439015,
        "n_a": 450,
        "n_b": 325
      },
      "w1_neutral_low": {
        "w1": 0.02853121905018472,
        "ci_lo": 0.014224426788327672,
        "ci_hi": 0.049539823338595364,
        "n_a": 450,
        "n_b": 325
      },
      "w1_humans_neutral": {
        "w1": 0.20216626394179676,
        "ci_lo": 0.17353108851232887,
        "ci_hi": 0.23118613981907177,
        "n_a": 290,
        "n_b": 450
      }
    }
  },
  "contamination": {
    "openness": {
      "openness": -0.06064671277999878,
      "conscientiousness": -0.03264510631561279,
      "extraversion": -0.019105494022369385,
      "agreeableness": -0.029897093772888184,
      "neuroticism": -0.03400009870529175
    },
    "conscientiousness": {
      "openness": -0.14422205090522766,
      "conscientiousness": -0.14022767543792725,
      "extraversion": -0.15690672397613525,
      "agreeableness": -0.09119617938995361,
      "neuroticism": -0.0009853541851043701
    },
    "extraversion": {
      "openness": -0.06247106194496155,
      "conscientiousness": 0.04487127065658569,
      "extraversion": -0.07688605785369873,
      "agreeableness": -0.026292800903320312,
      "neuroticism": -0.022921472787857056
    },
    "agreeableness": {
      "openness": -0.17263290286064148,
      "conscientiousness": -0.16387712955474854,
      "extraversion": -0.2131030559539795,
      "agreeableness": -0.05617177486419678,
      "neuroticism": 0.028662294149398804
    },
    "neuroticism": {
      "openness": 0.12172847986221313,
      "conscientiousness": 0.07399749755859375,
      "extraversion": 0.20337480306625366,
      "agreeableness": 0.013447284698486328,
      "neuroticism": 0.04915317893028259
    }
  },
  "n_total": 3700
}