{
  "openness": {
    "spearman": 0.39827582453041105,
    "pearson": 0.37775671206405287,
    "mae": 0.5477193821740778,
    "r2": 0.07493445298726764
  },
  "conscientiousness": {
    "spearman": 0.30925755332358673,
    "pearson": 0.25356414100723607,
    "mae": 0.5263086972051337,
    "r2": 0.02811142023995339
  },
  "extraversion": {
    "spearman": 0.28797154879222464,
    "pearson": 0.2813240655912288,
    "mae": 0.6100725671739139,
    "r2": -0.023698225154002772
  },
  "agreeableness": {
    "spearman": 0.3397243666237314,
    "pearson": 0.3508721158615871,
    "mae": 0.6240151675537139,
    "r2": 0.08667749915273093
  },
  "neuroticism": {
    "spearman": 0.06732535693475891,
    "pearson": 0.03887507745406205,
    "mae": 0.4076355430962194,
    "r2": -0.11220425840698556
  },
  "macro": {
    "spearman": 0.2805109300409426,
    "pearson": 0.2604784223956334,
    "mae": 0.5431502714406118,
    "r2": 0.010764177763792727
  }
}