{
  "openness": {
    "spearman": 0.3840369357925474,
    "pearson": 0.3673491882863906,
    "mae": 0.5771112919469393,
    "r2": -0.02566053968613291
  },
  "conscientiousness": {
    "spearman": 0.30074344672971715,
    "pearson": 0.2479141889435784,
    "mae": 0.5264273022987545,
    "r2": 0.02681823907846581
  },
  "extraversion": {
    "spearman": 0.25549995467164993,
    "pearson": 0.2590274634083477,
    "mae": 0.5962982439633826,
    "r2": -0.01958948415058437
  },
  "agreeableness": {
    "spearman": 0.3249531002081882,
    "pearson": 0.35024633145439454,
    "mae": 0.6470419080506774,
    "r2": 0.07739913077692517
  },
  "neuroticism": {
    "spearman": 0.0804926018815079,
    "pearson": 0.06590644063553672,
    "mae": 0.4010413444626485,
    "r2": -0.08754412065322392
  },
  "macro": {
    "spearman": 0.26914520785672214,
    "pearson": 0.25808872254564963,
    "mae": 0.5495840181444804,
    "r2": -0.005715354926910043
  }
}