{
  "openness": {
    "spearman": 0.39608530196014363,
    "pearson": 0.38489127657272837,
    "mae": 0.5689681186515129,
    "r2": 0.001703305884850237
  },
  "conscientiousness": {
    "spearman": 0.3493772792573323,
    "pearson": 0.27717971455003515,
    "mae": 0.6002683780502934,
    "r2": -0.1049050652313821
  },
  "extraversion": {
    "spearman": 0.2871542850929402,
    "pearson": 0.2972359360574618,
    "mae": 0.6075090610016698,
    "r2": -0.0076977778993518875
  },
  "agreeableness": {
    "spearman": 0.35293786249626763,
    "pearson": 0.3407778757844068,
    "mae": 0.6502213890573387,
    "r2": 0.05703283627928535
  },
  "neuroticism": {
    "spearman": 0.1183775224437003,
    "pearson": 0.10376447637243218,
    "mae": 0.42689823408093935,
    "r2": -0.21909262285794973
  },
  "macro": {
    "spearman": 0.30078645025007683,
    "pearson": 0.2807698558674129,
    "mae": 0.5707730361683508,
    "r2": -0.054591864764909626
  },
  "user_aggregated": {
    "openness": {
      "spearman": 0.596158463385354,
      "pearson": 0.5973896029403679,
      "mae": 0.352402694115344,
      "r2": 0.2221496538810156
    },
    "conscientiousness": {
      "spearman": 0.5048259303721488,
      "pearson": 0.5377909689499305,
      "mae": 0.36766382870543596,
      "r2": -0.7772294105271491
    },
    "extraversion": {
      "spearman": 0.45767106842737093,
      "pearson": 0.45438652179593925,
      "mae": 0.39754885004287416,
      "r2": -0.14108909124710967
    },
    "agreeableness": {
      "spearman": 0.5361344537815126,
      "pearson": 0.5248557038970401,
      "mae": 0.35471155105886426,
      "r2": -0.02772370076115016
    },
    "neuroticism": {
      "spearman": 0.2568547418967587,
      "pearson": 0.24857074861133266,
      "mae": 0.27349483025293125,
      "r2": -0.30939026556813154
    },
    "macro": {
      "spearman": 0.470328931572629,
      "pearson": 0.47259870923892217,
      "mae": 0.3491643508350899,
      "r2": -0.20665656284450495
    },
    "n_groups": 50
  }
}