{
  "openness": {
    "spearman": 0.39608530196014363,
    "pearson": 0.38489127657272837,
    "mae": 0.5689681186515129,
    "r2": 0.001703305884850237
  },
  "conscientiousness": {
    "spearman": 0.3493772792573323,
    "pearson": 0.27717971455003515,
    "mae": 0.6002683780502934,
    "r2": -0.1049050652313821
  },
  "extraversion": {
    "spearman": 0.2871542850929402,
    "pearson": 0.2972359360574618,
    "mae": 0.6075090610016698,
    "r2": -0.0076977778993518875
  },
  "agreeableness": {
    "spearman": 0.35293786249626763,
    "pearson": 0.3407778757844068,
    "mae": 0.6502213890573387,
    "r2": 0.05703283627928535
  },
  "neuroticism": {
    "spearman": 0.1183775224437003,
    "pearson": 0.10376447637243218,
    "mae": 0.42689823408093935,
    "r2": -0.21909262285794973
  },
  "macro": {
    "spearman": 0.30078645025007683,
    "pearson": 0.2807698558674129,
    "mae": 0.5707730361683508,
    "r2": -0.054591864764909626
  }
}