{
  "openness": {
    "spearman": 0.3993233587963813,
    "pearson": 0.38129636469940875,
    "mae": 0.5418567495788509,
    "r2": 0.08141140037874373
  },
  "conscientiousness": {
    "spearman": 0.3222968701777325,
    "pearson": 0.25359719139614034,
    "mae": 0.5856693938080806,
    "r2": -0.08488922245191088
  },
  "extraversion": {
    "spearman": 0.2953569359844335,
    "pearson": 0.3105248158345154,
    "mae": 0.5847059073457923,
    "r2": 0.047778335105270076
  },
  "agreeableness": {
    "spearman": 0.3438406990188026,
    "pearson": 0.3537106824309897,
    "mae": 0.624684458409622,
    "r2": 0.10896733167399375
  },
  "neuroticism": {
    "spearman": 0.084141504707452,
    "pearson": 0.07318003229583477,
    "mae": 0.4331887509680785,
    "r2": -0.25693703350267594
  },
  "macro": {
    "spearman": 0.2889918737369604,
    "pearson": 0.27446181733137776,
    "mae": 0.5540210520220847,
    "r2": -0.020733837759315855
  }
}