{
  "openness": {
    "spearman": 0.41535471692406617,
    "pearson": 0.39636375812716856,
    "mae": 0.5300090825514353,
    "r2": 0.1091167596293825
  },
  "conscientiousness": {
    "spearman": 0.31117007830800486,
    "pearson": 0.24901765120378305,
    "mae": 0.52172207272604,
    "r2": 0.03928880720257233
  },
  "extraversion": {
    "spearman": 0.3062578855676039,
    "pearson": 0.31510958486462404,
    "mae": 0.5657461016285821,
    "r2": 0.07348723672527169
  },
  "agreeableness": {
    "spearman": 0.3526067255488755,
    "pearson": 0.34106525003734534,
    "mae": 0.613554508137118,
    "r2": 0.09039469785209309
  },
  "neuroticism": {
    "spearman": 0.13401082739093903,
    "pearson": 0.10071033415071393,
    "mae": 0.391391261881769,
    "r2": -0.02091155877365547
  },
  "macro": {
    "spearman": 0.30388004674789787,
    "pearson": 0.28045331567672693,
    "mae": 0.5244846053849889,
    "r2": 0.05827518852713283
  }
}