{
  "openness": {
    "spearman": 0.3858530226763877,
    "pearson": 0.3683077299080137,
    "mae": 0.5485195772286141,
    "r2": 0.04003758663929058
  },
  "conscientiousness": {
    "spearman": 0.28212548097582024,
    "pearson": 0.23332910945784707,
    "mae": 0.5206947672116312,
    "r2": 0.03417169424109756
  },
  "extraversion": {
    "spearman": 0.2544420877520464,
    "pearson": 0.2648601587124098,
    "mae": 0.5711534136610121,
    "r2": 0.034571465424744874
  },
  "agreeableness": {
    "spearman": 0.3165487165552821,
    "pearson": 0.3431358191382358,
    "mae": 0.6300045916853164,
    "r2": 0.09803328021123481
  },
  "neuroticism": {
    "spearman": 0.0787911582498851,
    "pearson": 0.05455885631153993,
    "mae": 0.39432059112003726,
    "r2": -0.0398477173944074
  },
  "macro": {
    "spearman": 0.2635520932418843,
    "pearson": 0.2528383347056093,
    "mae": 0.5329385881813222,
    "r2": 0.03339326182439208
  }
}