{
  "openness": {
    "spearman": 0.3840369357925474,
    "pearson": 0.3673491882863906,
    "mae": 0.5771112919469393,
    "r2": -0.02566053968613291
  },
  "conscientiousness": {
    "spearman": 0.30074344672971715,
    "pearson": 0.2479141889435784,
    "mae": 0.5264273022987545,
    "r2": 0.02681823907846581
  },
  "extraversion": {
    "spearman": 0.25549995467164993,
    "pearson": 0.2590274634083477,
    "mae": 0.5962982439633826,
    "r2": -0.01958948415058437
  },
  "agreeableness": {
    "spearman": 0.3249531002081882,
    "pearson": 0.35024633145439454,
    "mae": 0.6470419080506774,
    "r2": 0.07739913077692517
  },
  "neuroticism": {
    "spearman": 0.0804926018815079,
    "pearson": 0.06590644063553672,
    "mae": 0.4010413444626485,
    "r2": -0.08754412065322392
  },
  "macro": {
    "spearman": 0.26914520785672214,
    "pearson": 0.25808872254564963,
    "mae": 0.5495840181444804,
    "r2": -0.005715354926910043
  },
  "user_aggregated": {
    "openness": {
      "spearman": 0.5590876350540215,
      "pearson": 0.564000499328154,
      "mae": 0.35093513234729706,
      "r2": 0.1614978693277196
    },
    "conscientiousness": {
      "spearman": 0.48763505402160856,
      "pearson": 0.5224856498582653,
      "mae": 0.24416153945617747,
      "r2": 0.14057617524077848
    },
    "extraversion": {
      "spearman": 0.4339495798319327,
      "pearson": 0.42778859492451154,
      "mae": 0.3720395129914247,
      "r2": 0.03234135558250695
    },
    "agreeableness": {
      "spearman": 0.5461224489795918,
      "pearson": 0.5188091239465601,
      "mae": 0.34860479192851074,
      "r2": -0.043178545620647935
    },
    "neuroticism": {
      "spearman": 0.33243697478991596,
      "pearson": 0.2536361271416394,
      "mae": 0.2355176409203802,
      "r2": -0.011943582282425869
    },
    "macro": {
      "spearman": 0.471846338535414,
      "pearson": 0.457343999039826,
      "mae": 0.310251723528758,
      "r2": 0.055858654449586244
    },
    "n_groups": 50
  }
}