{
  "cEXT": {
    "accuracy": 0.5645161290322581,
    "f1": 0.6058394160583942,
    "roc_auc": 0.6002214839424143
  },
  "cNEU": {
    "accuracy": 0.6129032258064516,
    "f1": 0.6444444444444445,
    "roc_auc": 0.634885535900104
  },
  "cAGR": {
    "accuracy": 0.5685483870967742,
    "f1": 0.5114155251141552,
    "roc_auc": 0.5854374633000587
  },
  "cCON": {
    "accuracy": 0.5201612903225806,
    "f1": 0.5220883534136547,
    "roc_auc": 0.5668943089430895
  },
  "cOPN": {
    "accuracy": 0.6411290322580645,
    "f1": 0.6641509433962264,
    "roc_auc": 0.7143229166666667
  },
  "macro": {
    "accuracy": 0.5814516129032258,
    "f1": 0.589587736485375,
    "roc_auc": 0.6203523417504666
  }
}