{
  "cEXT": 0.5499999999999999,
  "cNEU": 0.3,
  "cAGR": 0.6749999999999999,
  "cCON": 0.5499999999999999,
  "cOPN": 0.44999999999999996
}