{
  "dataset": "recruitview",
  "per_trait": {
    "openness": {
      "n_high": 325,
      "n_low": 325,
      "n_neutral": 450,
      "n_humans": 290,
      "mean_high": -0.5249212384223938,
      "mean_low": -0.4549860954284668,
      "mean_neutral": -0.46905437111854553,
      "mean_humans": 0.0724958458850622,
      "w1_high_low": {
        "w1": 0.06993510175209779,
        "ci_lo": 0.05328863863704296,
        "ci_hi": 0.08697675345035699,
        "n_a": 325,
        "n_b": 325
      },
      "w1_neutral_high": {
        "w1": 0.055866854933337276,
        "ci_lo": 0.041891977122133106,
        "ci_hi": 0.07123485833686641,
        "n_a": 450,
        "n_b": 325
      },
      "w1_neutral_low": {
        "w1": 0.014800388877972574,
        "ci_lo": 0.011111755898970569,
        "ci_hi": 0.02977424426580596,
        "n_a": 450,
        "n_b": 325
      },
      "w1_humans_neutral": {
        "w1": 0.5598081796064871,
        "ci_lo": 0.5026686551782036,
        "ci_hi": 0.6198489000180151,
        "n_a": 290,
        "n_b": 450
      }
    },
    "conscientiousness": {
      "n_high": 325,
      "n_low": 325,
      "n_neutral": 450,
      "n_humans": 290,
      "mean_high": -0.45772475004196167,
      "mean_low": -0.3994024991989136,
      "mean_neutral": -0.43407198786735535,
      "mean_humans": -0.025867916942285053,
      "w1_high_low": {
        "w1": 0.05832224797744018,
        "ci_lo": 0.04671879672201781,
        "ci_hi": 0.07086979331935828,
        "n_a": 325,
        "n_b": 325
      },
      "w1_neutral_high": {
        "w1": 0.023711603760209858,
        "ci_lo": 0.014219881610419505,
        "ci_hi": 0.034812054561944604,
        "n_a": 450,
        "n_b": 325
      },
      "w1_neutral_low": {
        "w1": 0.03469832346480117,
        "ci_lo": 0.02395918845353473,
        "ci_hi": 0.04651808740771734,
        "n_a": 450,
        "n_b": 325
      },
      "w1_humans_neutral": {
        "w1": 0.4148195737605322,
        "ci_lo": 0.37719786019845764,
        "ci_hi": 0.45419183509874644,
        "n_a": 290,
        "n_b": 450
      }
    },
    "extraversion": {
      "n_high": 325,
      "n_low": 325,
      "n_neutral": 450,
      "n_humans": 290,
      "mean_high": -0.5088103413581848,
      "mean_low": -0.5383648872375488,
      "mean_neutral": -0.5074493288993835,
      "mean_humans": -0.028013177816695854,
      "w1_high_low": {
        "w1": 0.029558894863495458,
        "ci_lo": 0.018603809765898264,
        "ci_hi": 0.0426062765522645,
        "n_a": 325,
        "n_b": 325
      },
      "w1_neutral_high": {
        "w1": 0.006613758843169256,
        "ci_lo": 0.006109613183726608,
        "ci_hi": 0.01744766326032133,
        "n_a": 450,
        "n_b": 325
      },
      "w1_neutral_low": {
        "w1": 0.03142802862530081,
        "ci_lo": 0.020818413779903674,
        "ci_hi": 0.0438762061655776,
        "n_a": 450,
        "n_b": 325
      },
      "w1_humans_neutral": {
        "w1": 0.4914741346148406,
        "ci_lo": 0.44168060829368316,
        "ci_hi": 0.5417007016886727,
        "n_a": 290,
        "n_b": 450
      }
    },
    "agreeableness": {
      "n_high": 325,
      "n_low": 325,
      "n_neutral": 450,
      "n_humans": 290,
      "mean_high": -0.3863449692726135,
      "mean_low": -0.3395925462245941,
      "mean_neutral": -0.3976791799068451,
      "mean_humans": 0.11001651224746481,
      "w1_high_low": {
        "w1": 0.04675240606642687,
        "ci_lo": 0.03302360326091114,
        "ci_hi": 0.060643616626862996,
        "n_a": 325,
        "n_b": 325
      },
      "w1_neutral_high": {
        "w1": 0.011767582013470754,
        "ci_lo": 0.008534747206152254,
        "ci_hi": 0.025572345018358984,
        "n_a": 450,
        "n_b": 325
      },
      "w1_neutral_low": {
        "w1": 0.05808660919292488,
        "ci_lo": 0.04454661088200031,
        "ci_hi": 0.07163450728421314,
        "n_a": 450,
        "n_b": 325
      },
      "w1_humans_neutral": {
        "w1": 0.5350031836257941,
        "ci_lo": 0.47814789631154603,
        "ci_hi": 0.5938369786508244,
        "n_a": 290,
        "n_b": 450
      }
    },
    "neuroticism": {
      "n_high": 325,
      "n_low": 325,
      "n_neutral": 450,
      "n_humans": 290,
      "mean_high": 0.1607697308063507,
      "mean_low": 0.17032180726528168,
      "mean_neutral": 0.16013172268867493,
      "mean_humans": 0.05226249609459672,
      "w1_high_low": {
        "w1": 0.01044758929656102,
        "ci_lo": 0.007069985728997451,
        "ci_hi": 0.013993654380050988,
        "n_a": 325,
        "n_b": 325
      },
      "w1_neutral_high": {
        "w1": 0.003344974198784583,
        "ci_lo": 0.002930104246283443,
        "ci_hi": 0.006703005221441515,
        "n_a": 450,
        "n_b": 325
      },
      "w1_neutral_low": {
        "w1": 0.010361860987340283,
        "ci_lo": 0.0069345165632951735,
        "ci_hi": 0.014387552787716952,
        "n_a": 450,
        "n_b": 325
      },
      "w1_humans_neutral": {
        "w1": 0.12390260029780872,
        "ci_lo": 0.10871483452583665,
        "ci_hi": 0.1392997851464943,
        "n_a": 290,
        "n_b": 450
      }
    }
  },
  "contamination": {
    "openness": {
      "openness": -0.069935142993927,
      "conscientiousness": -0.04601871967315674,
      "extraversion": -0.05523473024368286,
      "agreeableness": -0.06733646988868713,
      "neuroticism": 0.001459360122680664
    },
    "conscientiousness": {
      "openness": -0.0828021764755249,
      "conscientiousness": -0.058322250843048096,
      "extraversion": -0.0651196539402008,
      "agreeableness": -0.04391619563102722,
      "neuroticism": 0.01929473876953125
    },
    "extraversion": {
      "openness": 0.00575101375579834,
      "conscientiousness": 0.01599067449569702,
      "extraversion": 0.029554545879364014,
      "agreeableness": 0.024959087371826172,
      "neuroticism": -0.0046019405126571655
    },
    "agreeableness": {
      "openness": -0.04989024996757507,
      "conscientiousness": -0.03635460138320923,
      "extraversion": -0.02811494469642639,
      "agreeableness": -0.04675242304801941,
      "neuroticism": 0.012361228466033936
    },
    "neuroticism": {
      "openness": 0.06211012601852417,
      "conscientiousness": 0.04201674461364746,
      "extraversion": 0.03341788053512573,
      "agreeableness": 0.010592222213745117,
      "neuroticism": -0.00955207645893097
    }
  },
  "n_total": 3700
}