{
  "dataset": "essays",
  "per_trait": {
    "cEXT": {
      "n_high": 127,
      "n_low": 127,
      "n_neutral": 252,
      "n_humans": 248,
      "mean_high": 0.6601800322532654,
      "mean_low": 0.546139121055603,
      "mean_neutral": 0.5867889523506165,
      "mean_humans": 0.5957067018795398,
      "w1_high_low": {
        "w1": 0.11404090204576808,
        "ci_lo": 0.10175621099476738,
        "ci_hi": 0.12653841495396587,
        "n_a": 127,
        "n_b": 127
      },
      "w1_neutral_high": {
        "w1": 0.07353887358351419,
        "ci_lo": 0.06145056482279223,
        "ci_hi": 0.08664186027521656,
        "n_a": 252,
        "n_b": 127
      },
      "w1_neutral_low": {
        "w1": 0.04243902648918898,
        "ci_lo": 0.03218189307186208,
        "ci_hi": 0.05532731898915856,
        "n_a": 252,
        "n_b": 127
      },
      "w1_humans_neutral": {
        "w1": 0.04238553802805624,
        "ci_lo": 0.03268909386477896,
        "ci_hi": 0.053189216675146214,
        "n_a": 248,
        "n_b": 252
      }
    },
    "cNEU": {
      "n_high": 127,
      "n_low": 127,
      "n_neutral": 252,
      "n_humans": 248,
      "mean_high": 0.6762497425079346,
      "mean_low": 0.48008838295936584,
      "mean_neutral": 0.554730236530304,
      "mean_humans": 0.49351856436940933,
      "w1_high_low": {
        "w1": 0.19616137972966893,
        "ci_lo": 0.18294834041689326,
        "ci_hi": 0.2079337802576268,
        "n_a": 127,
        "n_b": 127
      },
      "w1_neutral_high": {
        "w1": 0.12151955792682942,
        "ci_lo": 0.10888151108735301,
        "ci_hi": 0.13306898106201048,
        "n_a": 252,
        "n_b": 127
      },
      "w1_neutral_low": {
        "w1": 0.07479296801682786,
        "ci_lo": 0.06194396244843663,
        "ci_hi": 0.0883136228123863,
        "n_a": 252,
        "n_b": 127
      },
      "w1_humans_neutral": {
        "w1": 0.06128265223996615,
        "ci_lo": 0.045889958507952196,
        "ci_hi": 0.07652515870172302,
        "n_a": 248,
        "n_b": 252
      }
    },
    "cAGR": {
      "n_high": 127,
      "n_low": 127,
      "n_neutral": 252,
      "n_humans": 248,
      "mean_high": 0.6816843152046204,
      "mean_low": 0.48431506752967834,
      "mean_neutral": 0.6407580971717834,
      "mean_humans": 0.6111072364353365,
      "w1_high_low": {
        "w1": 0.19736934834577907,
        "ci_lo": 0.18335125805355432,
        "ci_hi": 0.213518783678924,
        "n_a": 127,
        "n_b": 127
      },
      "w1_neutral_high": {
        "w1": 0.04093720869613639,
        "ci_lo": 0.025475238314590563,
        "ci_hi": 0.0567862219163102,
        "n_a": 252,
        "n_b": 127
      },
      "w1_neutral_low": {
        "w1": 0.15644306906006245,
        "ci_lo": 0.1438354611026868,
        "ci_hi": 0.1680480307160387,
        "n_a": 252,
        "n_b": 127
      },
      "w1_humans_neutral": {
        "w1": 0.05167117963616078,
        "ci_lo": 0.040305007757696285,
        "ci_hi": 0.06438318862357068,
        "n_a": 248,
        "n_b": 252
      }
    },
    "cCON": {
      "n_high": 127,
      "n_low": 127,
      "n_neutral": 252,
      "n_humans": 248,
      "mean_high": 0.7185301780700684,
      "mean_low": 0.6120128631591797,
      "mean_neutral": 0.644646167755127,
      "mean_humans": 0.596792642267481,
      "w1_high_low": {
        "w1": 0.10651730294302691,
        "ci_lo": 0.09485173220709554,
        "ci_hi": 0.11842566358409529,
        "n_a": 127,
        "n_b": 127
      },
      "w1_neutral_high": {
        "w1": 0.0738840326396782,
        "ci_lo": 0.06278506149425535,
        "ci_hi": 0.08474741977985321,
        "n_a": 252,
        "n_b": 127
      },
      "w1_neutral_low": {
        "w1": 0.03265377268830235,
        "ci_lo": 0.021404213719689213,
        "ci_hi": 0.044680511613278996,
        "n_a": 252,
        "n_b": 127
      },
      "w1_humans_neutral": {
        "w1": 0.05850277214868522,
        "ci_lo": 0.045385044546110226,
        "ci_hi": 0.07146598845939652,
        "n_a": 248,
        "n_b": 252
      }
    },
    "cOPN": {
      "n_high": 127,
      "n_low": 127,
      "n_neutral": 252,
      "n_humans": 248,
      "mean_high": 0.8531745076179504,
      "mean_low": 0.5499604940414429,
      "mean_neutral": 0.6057348847389221,
      "mean_humans": 0.5467648266424094,
      "w1_high_low": {
        "w1": 0.3032139964460388,
        "ci_lo": 0.27845381558762766,
        "ci_hi": 0.3287794969447954,
        "n_a": 127,
        "n_b": 127
      },
      "w1_neutral_high": {
        "w1": 0.24743968078422182,
        "ci_lo": 0.2263247834338131,
        "ci_hi": 0.26705777990609525,
        "n_a": 252,
        "n_b": 127
      },
      "w1_neutral_low": {
        "w1": 0.055986084582216815,
        "ci_lo": 0.026713364957504124,
        "ci_hi": 0.08719593406481572,
        "n_a": 252,
        "n_b": 127
      },
      "w1_humans_neutral": {
        "w1": 0.08354476969107354,
        "ci_lo": 0.06258403848991642,
        "ci_hi": 0.10890432635116683,
        "n_a": 248,
        "n_b": 252
      }
    }
  },
  "contamination": {
    "cEXT": {
      "cEXT": 0.11404091119766235,
      "cNEU": -0.1903117299079895,
      "cAGR": 0.18261504173278809,
      "cCON": 0.0752403736114502,
      "cOPN": -0.060119450092315674
    },
    "cNEU": {
      "cEXT": -0.015886902809143066,
      "cNEU": 0.19616135954856873,
      "cAGR": -0.05919027328491211,
      "cCON": -0.06527453660964966,
      "cOPN": -0.19186782836914062
    },
    "cAGR": {
      "cEXT": 0.06622171401977539,
      "cNEU": -0.15186476707458496,
      "cAGR": 0.19736924767494202,
      "cCON": 0.12915831804275513,
      "cOPN": -0.033179402351379395
    },
    "cCON": {
      "cEXT": 0.10519486665725708,
      "cNEU": -0.014850378036499023,
      "cAGR": 0.07145214080810547,
      "cCON": 0.10651731491088867,
      "cOPN": -0.08556807041168213
    },
    "cOPN": {
      "cEXT": -0.10260117053985596,
      "cNEU": -0.05779781937599182,
      "cAGR": -0.06240206956863403,
      "cCON": -0.11667817831039429,
      "cOPN": 0.30321401357650757
    }
  },
  "n_total": 1522
}