{
  "cEXT": {
    "accuracy": 0.5685483870967742,
    "f1": 0.627177700348432,
    "roc_auc": 0.6008077649664517
  },
  "cNEU": {
    "accuracy": 0.5887096774193549,
    "f1": 0.5984251968503937,
    "roc_auc": 0.6013267429760666
  },
  "cAGR": {
    "accuracy": 0.5806451612903226,
    "f1": 0.6533333333333333,
    "roc_auc": 0.6093168917596398
  },
  "cCON": {
    "accuracy": 0.5241935483870968,
    "f1": 0.553030303030303,
    "roc_auc": 0.512
  },
  "cOPN": {
    "accuracy": 0.6088709677419355,
    "f1": 0.6394052044609665,
    "roc_auc": 0.6490234375
  },
  "macro": {
    "accuracy": 0.5741935483870967,
    "f1": 0.6142743476046857,
    "roc_auc": 0.5944949674404316
  }
}