{
  "dataset": "recruitview",
  "per_essay": {
    "per_trait": {
      "openness": {
        "spearman": -0.27596323742444706,
        "pearson": -0.2823513481375009,
        "mae": 0.6769742296160987,
        "mean_intended_z": -0.008585453321605685,
        "mean_pred_z": -0.47617974877357483
      },
      "conscientiousness": {
        "spearman": -0.26275003766911037,
        "pearson": -0.29068279619015513,
        "mae": 0.5778191405986696,
        "mean_intended_z": -0.004543631873647521,
        "mean_pred_z": -0.43802255392074585
      },
      "extraversion": {
        "spearman": -0.20848731049877486,
        "pearson": -0.21226032439590004,
        "mae": 0.6998464804302323,
        "mean_intended_z": -0.006488792158295749,
        "mean_pred_z": -0.5291791558265686
      },
      "agreeableness": {
        "spearman": -0.24245446399286907,
        "pearson": -0.24143817305308868,
        "mae": 0.587444731404913,
        "mean_intended_z": -0.00631927564039281,
        "mean_pred_z": -0.41141605377197266
      },
      "neuroticism": {
        "spearman": -0.08874056949835735,
        "pearson": -0.09758443378488192,
        "mae": 0.2514192515694426,
        "mean_intended_z": -0.02593736435311621,
        "mean_pred_z": 0.16327641904354095
      }
    },
    "macro": {
      "spearman": -0.21567912381671178,
      "pearson": -0.22486341511230531,
      "mae": 0.5587007667238713
    },
    "n": 1395
  },
  "per_user": {
    "per_trait": {
      "openness": {
        "spearman": -0.5628894871501514,
        "pearson": -0.6114198560826396,
        "mae": 0.680141533406483
      },
      "conscientiousness": {
        "spearman": -0.5875888574908599,
        "pearson": -0.6395461722987099,
        "mae": 0.5792643879584101
      },
      "extraversion": {
        "spearman": -0.45855882034308787,
        "pearson": -0.5090666275624235,
        "mae": 0.7065257176475052
      },
      "agreeableness": {
        "spearman": -0.5481488381323044,
        "pearson": -0.5520814173189933,
        "mae": 0.5940162733814547
      },
      "neuroticism": {
        "spearman": -0.2449039513930161,
        "pearson": -0.23682680896305586,
        "mae": 0.2593905206193376
      }
    },
    "macro": {
      "spearman": -0.48041799090188403,
      "pearson": -0.5097881764451644,
      "mae": 0.5638676866026381
    },
    "n_users": 228
  },
  "per_essay_profile_rho": {
    "mean": -0.04724014336917563,
    "median": -0.09999999999999999,
    "n_valid": 1395
  }
}