essay_id,intended_cEXT,intended_cNEU,intended_cAGR,intended_cCON,intended_cOPN,prob_cEXT,prob_cNEU,prob_cAGR,prob_cCON,prob_cOPN,pred_cEXT,pred_cNEU,pred_cAGR,pred_cCON,pred_cOPN
2000_874178.txt,0,1,0,0,1,0.5072223,0.6844017,0.5162569,0.6562562,0.8237433,1,1,1,1,1
1998_261656.txt,1,1,0,1,1,0.59016645,0.41946933,0.6179603,0.6395799,0.82338107,1,0,1,1,1
1998_530331.txt,1,1,1,0,1,0.6303902,0.43983224,0.7244193,0.7321061,0.72873354,1,0,1,1,1
2002_769785.txt,1,1,0,1,0,0.6674682,0.4864189,0.58267814,0.669913,0.7614161,1,0,1,1,1
1999_894712.txt,1,0,1,1,1,0.62947834,0.4031895,0.7340009,0.7489365,0.75666046,1,0,1,1,1
