{
  "cEXT": {
    "accuracy": 0.5685483870967742,
    "f1": 0.6468646864686468,
    "roc_auc": 0.6379388964888281
  },
  "cNEU": {
    "accuracy": 0.625,
    "f1": 0.6141078838174274,
    "roc_auc": 0.6393730489073882
  },
  "cAGR": {
    "accuracy": 0.5524193548387096,
    "f1": 0.6476190476190476,
    "roc_auc": 0.5913746982449272
  },
  "cCON": {
    "accuracy": 0.5362903225806451,
    "f1": 0.6504559270516718,
    "roc_auc": 0.5721626016260163
  },
  "cOPN": {
    "accuracy": 0.6451612903225806,
    "f1": 0.6507936507936508,
    "roc_auc": 0.7111979166666667
  },
  "macro": {
    "accuracy": 0.5854838709677419,
    "f1": 0.6419682391500888,
    "roc_auc": 0.6304094323867652
  }
}