{
  "cEXT": {
    "accuracy": 0.5403225806451613,
    "f1": 0.6274509803921569,
    "roc_auc": 0.5989186372223307
  },
  "cNEU": {
    "accuracy": 0.6491935483870968,
    "f1": 0.6419753086419753,
    "roc_auc": 0.6582986472424558
  },
  "cAGR": {
    "accuracy": 0.5483870967741935,
    "f1": 0.6477987421383647,
    "roc_auc": 0.6151236380244014
  },
  "cCON": {
    "accuracy": 0.5040322580645161,
    "f1": 0.6238532110091743,
    "roc_auc": 0.5636422764227642
  },
  "cOPN": {
    "accuracy": 0.6774193548387096,
    "f1": 0.696969696969697,
    "roc_auc": 0.7164713541666667
  },
  "macro": {
    "accuracy": 0.5838709677419354,
    "f1": 0.6476095878302737,
    "roc_auc": 0.6304909106157238
  }
}