{
  "openness": {
    "spearman": 0.3943577806788748,
    "pearson": 0.38265047786639284,
    "mae": 0.5583912767484713,
    "r2": 0.029678099697488913
  },
  "conscientiousness": {
    "spearman": 0.3345110508345875,
    "pearson": 0.2693585765871554,
    "mae": 0.5992607656613406,
    "r2": -0.10724545985115963
  },
  "extraversion": {
    "spearman": 0.28671982160921466,
    "pearson": 0.29418683256871925,
    "mae": 0.5997883767042848,
    "r2": 0.010527047428606884
  },
  "agreeableness": {
    "spearman": 0.3516600576636117,
    "pearson": 0.34238600467908825,
    "mae": 0.6385780153999574,
    "r2": 0.08014159689770084
  },
  "neuroticism": {
    "spearman": 0.1200494442077993,
    "pearson": 0.10790656755227865,
    "mae": 0.4258568946417292,
    "r2": -0.21274797484127728
  },
  "macro": {
    "spearman": 0.2974596309988176,
    "pearson": 0.27929769185072684,
    "mae": 0.5643750658311566,
    "r2": -0.03992933813372805
  }
}